id,created_at,text,sentiment
77522,2020-04-15 01:03:46+00:00,"RT @RobertBeadles: Yoüí•
Enter to WIN 1,000 Monarch Tokens‚úÖ

US Stock Market Crashes &amp; what we can LEARN from them PT3!

RETWEET, WATCH video‚Ä¶",positive
661634,2020-06-25 06:20:06+00:00,"#SriLanka surcharge on fuel removed!
‚õΩüìâ
The surcharge of Rs.26 imposed on diesel and petrol has been revoked with effect from midnight on June 23 says Power, Energy and Transport Minister Mahinda. Amaraweera -Adaderana-

#lka #FuelPrices #taxes #economy #stocks #StockMarket",negative
413231,2020-06-04 15:41:45+00:00,Net issuance increases to fund fiscal programs &gt; yields spike higher &gt; risk off: #stocks and #EMFX correct lower &gt; #Fed comes in with #YCC &gt; stocks to new all time highs with 20% unemployment and -25% GDP. Fin.,positive
760262,2020-07-03 19:39:35+00:00,RT @bentboolean: How much of Amazon's traffic is served by Fastly? Help us find out by running this tool from your IP address: https://t.co‚Ä¶,positive
830153,2020-07-09 14:39:14+00:00,$AMD Ryzen 4000 desktop CPUs looking ‚Äògreat‚Äô and on track to launch in 2020 https://t.co/y7yYvXOVYJ #madtweets #stocks #cnbc #AMD,positive
27027,2020-04-12 21:52:56+00:00,"RT @QuantTrend: Reduce your portfolio RISK! GOLD is a perfect tail HEDGE!

Central banks balance sheet expansion &amp; large fiscal deficits &amp;‚Ä¶",positive
472959,2020-06-09 05:23:06+00:00,"$863.69 Million in Sales Expected for Spirit AeroSystems Holdings, Inc. $SPR This Quarter https://t.co/zoqBvspVSj #stocks",positive
392845,2020-06-02 01:12:29+00:00,"RT @ArjunKharpal: #Apple has cut the prices of the iPhone 11 range by about 12-13% in China. It's an uncommon move. 

These discounts are n‚Ä¶",negative
313771,2020-05-07 04:58:41+00:00,"RT @SMA_alpha: The #CDC U.S. New Case data has a 2 day lag, but saw another encouraging decline #WHO Global New Case data still flat at the‚Ä¶",negative
267894,2020-05-04 15:16:29+00:00,"Where to Look for Dependable Dividends
Read More &gt; https://t.co/qKvNFF2ih5
#etf #investing #stocks #business #news",neutral
223041,2020-04-27 00:41:06+00:00,RT @PipsToDollars: Earnings $AMZN $TSLA $MSFT $AAPL $AMD $BA $FB $LUV $MMM $GE $AAL $UPS $TWTR $PFE $CBSH $PEP $MA $GOOGL $GILD $SBUX $UAL‚Ä¶,neutral
417260,2020-06-04 07:29:51+00:00,Guys if market stays below 10000 till 2 expect a major major crash in nifty #nifty #banknifty #stocks,negative
436313,2020-06-06 15:06:34+00:00,How will the future fly for Spirit Air $SAVE ? #Blog with Stocks&amp;Sports on $FB ü§ñ Bots &amp; AI also welcome to blog about #salesforce $CRM @Tommycoulter4 https://t.co/SBae6qvO6p,neutral
516487,2020-06-14 18:33:57+00:00,Interesting comparison to 2007-09 market of $SPX stocks above 200 day. Much of 2008 bear market was under that 50 level marked by red line. Once it got above 65% level in summer 2009 the smoke cleared. Not as weak in 2020 but something to watch https://t.co/eWP915CcBj,negative
378564,2020-06-01 09:27:28+00:00,"#CANBK

CANBK 25-Jun-2020 , Now @ 93++++++++++++++++

#nifty #banknifty #equity #stocks #analysis #trading #sp https://t.co/OSGXfbjKqf",neutral
539347,2020-06-16 17:36:40+00:00,"4/ that is, Spot premium. No major price peaks during this phase.

During distribution, funding stays largely positive &amp; futures trade at premium constantly.

So, constant spot premium is a precursor to organic demand $BTC #BTC #Bitcoin #TA #SP500",positive
739221,2020-07-01 11:30:04+00:00,Chile: On The Road to Recovery in 2021? https://t.co/xp152EE1hm $AAPL $TSLA $FB https://t.co/cHvzQi7Fv3,neutral
310725,2020-05-07 13:10:28+00:00,"RT @ForecastCity: Latest #EURNZD #TradeIdeas &amp; #TechnicalAnalysis is FREE now!

2686 pip #Profit in 82 days!

#Euro #EUR #NZD #Money #Forex‚Ä¶",positive
836967,2020-07-09 02:30:51+00:00,"$VIR 

Since April i posted these levels 

Just follow the thread and the levels for support &amp; resistance / SL &amp; TP .

$SPX #nasdaq #TechnicalAnalysis #StockMarket #daytrading
$SPY $QQQ $IWM https://t.co/SsJ3JYbP0v https://t.co/2J0zIly9Yy",positive
67928,2020-04-15 16:46:49+00:00,@EpiphronR  China Population 1.3 Billion Reasons $30 $IQ IQIYI &amp; $GLUU Short Squeeze Bullish Call Especially w New Sorcerer's Arena Game NetFlix Is At All Time High $NFLX $DIS Netflix +4.7% to record high as Imperial bumps PT https://t.co/h2HBNi7ir0 $AMZN $INTC $SNAP $AAPL $AMAT,neutral
886790,2020-07-13 06:59:35+00:00,"RT @RafKadian: $tsla &amp; $nio fot the day #trading #stocks
#RafTrading111 @adssgroup https://t.co/zwFA8po9YI",neutral
73134,2020-04-15 11:48:14+00:00,"Q1 2020 EPS Estimates for Merck &amp; Co., Inc. $MRK Lowered by SVB Leerink  https://t.co/vi2fdhysb8",negative
179429,2020-04-23 02:31:43+00:00,"RT @JohriNikhil: 3 of 8 #banks that infused confidence capital in #YesBank sold partial stakes from the ""free from lock-in"" portion at btw‚Ä¶",negative
562362,2020-06-17 01:55:39+00:00,"RT @Reveretrading: As promised, June 17 Plan

*Click on Picture to Expand* üìå

Please feel free to share or like, I would appreciate your su‚Ä¶",neutral
74333,2020-04-15 09:40:06+00:00,"8911.....IT IS THE BEST TIME TO COVER YOUR SHORTS

#banknifty #trading #stocks #stockmarket #news #gold #silver #coronavirus 
#Nifty #equity 
#portfolio #markets #research #results #daytrading #finance #investments #intraday #India #stockstowatch
#StocksToTrade https://t.co/VjBrk7ugr0",positive
455888,2020-06-08 11:48:24+00:00,"RT @FreeShyloNow: GM #Shylobots ü§ñ üåÑ‚òï

3202üéØ LISüî∫ #ES_F $SPX $SPY

‚òù3202üéØüìàüòà

3209üéØ 3220üéØ 3229üéØ 3232üéØ

üëé 3202üéØüìâüêª

3194üéØ 3189üéØ 3182üéØ 3177üéØ

31‚Ä¶",neutral
351275,2020-05-29 19:01:14+00:00,"There are cases where investing in a taxable account over an IRA makes sense. If you‚Äôre in a high income tax bracket, paying the lower capital gains tax rate on sales could save you on your tax bill. #stocks #markets #economy @StegentEquity Stegent Equity Advisors, Inc https://t.co/K6hex2nGOK",positive
538661,2020-06-16 18:29:18+00:00,"#OfficeSupply orders up significantly as #USA shifted to #workfromhome.

See more data: https://t.co/W29QPIicmd

#Covid19 #alternativedata #HomeOffice #OfficeDepot #OfficeMax #Shopping #Staples #FedExKinkos #USPS #DHL #TNTExpress $ODP $CIO $FDX $UPS $HPP $HIW $HYG $AMZN $EBAY $M https://t.co/mx1GzTY6wo",positive
859923,2020-07-11 10:07:37+00:00,#stocks making it too easy at times.  #OptionsTrading is my new love and it‚Äôs here to stay! https://t.co/NaktOndY98,positive
923520,2020-07-15 01:21:09+00:00,"$T  Jul 14    
- Daily stock market timing forecast -    
‚óÜ Investing view    
=&gt; Buy - Bullish    
‚óÜ Search for the daily stock market timing forecast    
https://t.co/cgw2OmhClQ    
‚óÜ Upper~Lower stock... https://t.co/5iEpNwOVuI https://t.co/vdb3vvRLNX",positive
682710,2020-06-27 17:20:15+00:00,RT @leadlagreport: Several large corporations are stopping advertising on Facebook either till July or for the whole of this year. If these‚Ä¶,negative
468685,2020-06-09 13:53:57+00:00,$AMZN nice little coiling here.,positive
36981,2020-04-13 17:31:40+00:00,"TOS frozen for anyone else?

#es_f $spx $spy #options #futures #cl_f $forex",neutral
890710,2020-07-14 22:25:18+00:00,"#NASDAQ E-mini #Futures #NQ_F  ‚¨ÜÔ∏è 77.25 Points (0.73%) to 10,720.5 #futurestrading #future #NASDAQ100 #Investment #investing #invest #investor #investors #stock #stocks #StockMarket https://t.co/mzotIguudf https://t.co/jAJH0jEmGH https://t.co/V3OkdJwJEL",positive
612914,2020-06-22 13:43:58+00:00,Tenaris $TS Stock Rating Upgraded by Goldman Sachs Group https://t.co/FJKAZWC9bg #stocks,positive
254252,2020-04-29 02:45:39+00:00,"RT @ThePitBoss16: Google Stock Soars Near 10% After Earnings 
Alphabet Inc Class A NASDAQ: $GOOGL
Market Reaction After hours 
$1,346.00 +1‚Ä¶",positive
660162,2020-06-25 10:59:18+00:00,"DYK that on May 22 2020 $UONE was trading at $1.28 and today it‚Äôs opening at $21.50. 
Who put in $1,000 + on or B4 the 26th?
IDK... they should be proud. 
Unless you‚Äôre White and haven‚Äôt donated money back to the Black community.
Don‚Äôt have to.
But it would be nice. 
JS
#stocks https://t.co/yVKpZIVN7G",positive
927023,2020-07-16 19:18:42+00:00,"https://t.co/Pj9Gu287hf
$MA, $SAM   to Intraday_Trend_End.] https://t.co/O6wkep5G2a =",neutral
523018,2020-06-15 20:01:44+00:00,"RT @jadid: Green suites the #StockMarket . The market continues to rebound, erasing earlier losses. $DJI $NDX $SPX $RUT #MarketUpdate https‚Ä¶",positive
548244,2020-06-16 02:45:02+00:00,"$qqq We have detected a noticeable rise in the Zeitgeist for Invesco QQQ Trust at  https://t.co/RAhgfFVkoM
Visit DataSwarm Markets for more information
#STOCKS #NASDAQ
DataSwarm ref: 101873",positive
831465,2020-07-09 13:41:30+00:00,$T dropped under $30 so you know what i did üòèüòè,negative
365735,2020-05-31 21:10:06+00:00,"#LEGO #LEGOCity set 60132 - Service Station, 2016 Release #LEGOVehicles #LEGOcars #AFOL #LEGObricks #CollectibleToys #Toys #SP500 #stocks #instafollow #legoresaleprices #LEGOblocks #top10best #top10LEGO https://t.co/EBLT5fdutd",neutral
572226,2020-06-18 11:28:55+00:00,RT @SheepKnowMore: Fake outrage. $FB is an invaluable Deep State election-interference tool. Tantrums like this by their #FakeNews media al‚Ä¶,negative
145407,2020-04-21 13:20:35+00:00,"$ES_F Needs to trade $90s+ or $2640-$2650 on deck today 

$SPY $SPX https://t.co/zTkybafvh6",neutral
482491,2020-06-10 15:54:01+00:00,"Told ya so @CNBCFastMoney . Tesla $tsla up another 7.5% today so far today to $1,011. At this rate we‚Äôll be at 2k by the end of June. üòâ #tesla #ev #cnbc #stocks #stockmarket #space #batteries #cybertruck #teslasemi https://t.co/kurTilLYSq",positive
452658,2020-06-08 15:43:34+00:00,"RT @conkers3: @HTVIOLA @wheeliedealer Thank u4 such generous feedback Henryüëè

Pete &amp; I are focused on #learning &amp; #improving our #investing‚Ä¶",positive
489159,2020-06-10 06:45:03+00:00,"That‚Äôs right. We‚Äôre facing the prospect of a long and deep recession, and yet stock prices have surged 45% in a matter of weeks. Just stay calm ‚Äî¬†and keep taking the shots #Stocks #Investing https://t.co/sKV4idhlVy",positive
326699,2020-05-08 05:04:08+00:00,DHI Group $DHX Price Target Cut to $4.25 by Analysts at B. Riley https://t.co/iVhKwDicqV #stocks,negative
36429,2020-04-13 18:12:46+00:00,"RT @vincent13031925: Biggest mistakes of the century:

From before,

Apple $AAPL is only a PC maker

Amazon $AMZN is only a bookstore 

Goo‚Ä¶",negative
252986,2020-04-29 06:48:21+00:00,"Available #onhand #stocks of REGULAR #CYTOKIT text me at 09653052991  

 #pampalaglag #cytotec #cytoteckit #abortion #mifepristone #misoprostol #abortionpills #abortionphilippines #cytotecphilippines #cytokitphilippines 09653052991 :) https://t.co/7azgTj5r47",neutral
524841,2020-06-15 18:05:37+00:00,"Week 24 (Mon PM Recap)

$spx 3023.75 breakout to 3040, 3055, 3070 https://t.co/BpOhEm4Qoc https://t.co/Oz1OY6FuhI",positive
391857,2020-06-02 04:27:17+00:00,Check which story for #DowJones has the highest score $V $MMM $MCD https://t.co/8zP8MKc2dK https://t.co/uc6PfL9S6o,positive
161671,2020-04-22 09:53:11+00:00,"RT @Lakshmi_888: When I called highs $SPX 33xx,most called 3500+
When most called &lt;1800 at SPX 2175,I called reversal
When most called 3000‚Ä¶",positive
742475,2020-07-01 02:15:56+00:00,@omgwtf2011 @BearingtonTrade $T made their dollar back ü§£ü§£ü§£ü§£ https://t.co/wmKK5XErq0,positive
100306,2020-04-17 14:54:41+00:00,"Why Amazon is thriving when retail sector takes a severe beating from Covid-19...
https://t.co/GzEIw6uTWS
#retail #Walmart #Amazon $WMT $AMZN $TGT $DG $M #Macy's #Dollar #General #Coronavirus #Covid-19 #Pandemic #shutdown #epidemic https://t.co/8b0fIxe4GC",negative
188124,2020-04-24 14:32:14+00:00,Nomura Increases Tractor Supply $TSCO Price Target to $95.00 https://t.co/MKWK2oCfnz #stocks,positive
317321,2020-05-08 20:29:16+00:00,$FANG - Diamondback Energy: Quality Guidance From Management. https://t.co/u70RjddJYE #finance #stocks #business,positive
755186,2020-07-02 11:00:01+00:00,"üì∫Available now to view on demand: Cycles In The Time of #COVID„Éº19, with @bcaresearch's strategist, Mathieu Savary. Watch the webinar now üëâ  https://t.co/M7ViH92nFC .
#bonds #stocks #investors #funds. https://t.co/yZUCaLqWGu",neutral
339775,2020-05-28 16:58:58+00:00,RT @ZacksResearch: What's the short-term outlook for Disney? $DIS https://t.co/R4lUsdzaeV,neutral
868308,2020-07-12 08:35:07+00:00,Tenaris SA $TS Expected to Post Quarterly Sales of $1.14 Billion https://t.co/VoQrURiDDx #stocks,neutral
936377,2020-07-16 06:56:44+00:00,"RT @JackChappleSci: China Is Buying Up The World's Ports...And No One Is Talking About It
https://t.co/h8vvMo2tLT

#china #business #longbe‚Ä¶",positive
678871,2020-06-26 03:35:35+00:00,"RT @FacelessTrader: We can $work from home, oh, oh, oh oh - Fifth Harmony
https://t.co/ZPFeSKXUDa

I dont care about Goldman Sachs downgrad‚Ä¶",positive
890244,2020-07-14 23:05:35+00:00,RT @The_Hedge_House: $DLPN Only ONE day removed from the misguided article that was intentionally published by @Benzinga ü§î. Please do not u‚Ä¶,neutral
472181,2020-06-09 07:44:58+00:00,"Remember the turn? Now start preparing for the greatest market crash in history. I say it like I see it. 

$TSLA $SPY $GILD $ABBV $PFE $TEVA $TDOC $VIX $VXX $UVXY $SVXY $SPX $GOOG $AMZN $FB https://t.co/OhukyvRnIm",negative
445012,2020-06-07 06:28:55+00:00,Analysts Expect GreenSky Inc $GSKY Will Announce Quarterly Sales of $104.06 Million https://t.co/lI3jhYZz97 #stocks,neutral
22115,2020-04-11 19:22:03+00:00,#ES_F #CL_F #NQ_F $GOLD #OOTT #OATT $SPY $SPX #Trading #Forex #forexsignals #EURUSD #GBPUSD #OPEC #Volatility $VIX $VXX #Futures #SP500 #6E_F #6B_F https://t.co/09OqZw6DOg,neutral
702826,2020-06-29 15:55:20+00:00,"$AMZN Amazon to Pay $500M Bonuses to Employees Who Worked in June

https://t.co/KBf02J6Sk1",positive
270008,2020-05-04 12:58:35+00:00,@CNBCFastMoney $AAPL-- DUMP DUMP. OVERVALUED AND EXPENSIVE JUNK.,negative
337283,2020-05-28 19:48:08+00:00,"@GoldmanSachs, #es, #sp500, #usdollar, #euro, #aussiedollar, #poundsterling
still uncertain on the direction of the dollar. The euro has bounced off the lows. https://t.co/6UTsTHOWiN",negative
861422,2020-07-11 04:21:44+00:00,Weekly High Frequency Indicators: The Nowcast Retreats Slightly. https://t.co/2jjkUEBSPC #stockmarket #stocks #trading,neutral
582073,2020-06-19 16:34:42+00:00,RT @ChrisCarreon06: Beautiful box in #ES_F $SPX forming this week. You guys know what comes next!,positive
497708,2020-06-11 17:55:11+00:00,RT @RedDogT3: $spx intraday look with some levels and thoughts https://t.co/41qBwfESDv,neutral
449814,2020-06-08 19:12:55+00:00,$BYND is up 20% since our entry from last week. Price blasted through one PLL zone today and stopped at the second. You want so see support at the PLL zone above 150$ from now on. #stocks https://t.co/C0CaebstL5,positive
903487,2020-07-14 09:35:08+00:00,"ABG Sundal Collier - #TF Bank AB TF Bank - Loan loss level down 180bp q-o-q: PBLL in Q2‚Äô20 slightly lower than ABGSC and consensus Loan loss level came in at 370bp, down 180bp vs Q1‚Äô20 Share to outperform on loan loss relief https://t.co/grKEYWzpv9 #equity #stocks https://t.co/yXYhT8Jf0G",negative
607666,2020-06-22 18:40:17+00:00,Apple Option Alert: Jul 17 $380 Calls Sweep (6) below Bid!: 450 @ $3.652 vs 3833 OI; Earnings 7/28 After Close [est] Ref= $358.05 $AAPL,negative
929773,2020-07-16 16:11:19+00:00,Picked $amzn 3300 for earnings around 22. Should work If it runs into earnings!,positive
849678,2020-07-10 11:31:00+00:00,RT @Northst18363337: Gold and especially silver could be about to experience one hell of a spike. Stay calm if it does and be ready to take‚Ä¶,negative
209826,2020-04-27 23:35:31+00:00,$SPX Implied Volatility expiration 05/15/2020 #maxpain #options https://t.co/tFrmDjCFsa https://t.co/Nz0K9K6U6b,negative
530059,2020-06-15 12:45:55+00:00,"Only in America do people believe that buying stocks is their national identity and sworn duty to society

$SPX $SPY",positive
789540,2020-07-06 02:31:16+00:00,"$GOOG $AAPL $SPY $AMZN $TDOC $TSLA $COST $BA $NFLX $NVDA $TWTR $ZM $BABA $FB $DOW $MSFT $QQQ $BB
To enhance your experience in trading and get instant help click here https://t.co/waJXnpA7xo https://t.co/p94fTX4VO5",positive
615427,2020-06-22 10:43:13+00:00,"RT @t0_the_mo0n_: Top stocks to buy this week(in order)-

1- $KTOV huge announcements coming this week üöÄüìà
2- $IDEX
3- $BIOC
4- $XSPA
5- $SH‚Ä¶",positive
559748,2020-06-17 09:41:55+00:00,RT @stebottaioli: $SPX protect yourself https://t.co/5yuv3AEV5f,negative
829815,2020-07-09 14:53:48+00:00,RT @AlertTrade: #algotrading #algotrade $SPX $SPY $AMZN $AAPL $FB $SHOP $NVDA $GOOGL $PAYX $ASPU $SMPL $WBA $BBBY $LEVI $SGH $MSM $HELE $AZ‚Ä¶,neutral
386715,2020-06-02 15:33:15+00:00,Dow rises as Wall Street focuses on easing coronavirus lockdowns amid civil unrest https://t.co/SUw6IaN5Kz $SFIX $PFE $CSCO $STX $DKS $ZM,positive
585285,2020-06-19 13:56:01+00:00,"Now do September lol

41pts in 1 minute üòÆ

#es_f $spx $spy https://t.co/jIBi7qoBqz",neutral
619183,2020-06-23 22:44:03+00:00,"You're not gonna want to miss this! @Benzinga's last Boot Camp was great, and this one could be even better!
https://t.co/bqaWKdNXVY
#DayTrading #stocks #investing #profits https://t.co/3SqJn6wuiB",positive
311803,2020-05-07 11:31:35+00:00,"Another day, another overnight bid higher. Gotta love low volume overnight rallies off key support levels. 

$spx $spy https://t.co/DFsBzOtO27",positive
892275,2020-07-14 20:17:10+00:00,"40pts on #nq_f

Made it back plus some more üòÅ

#es_f line is 3180-81

Bias in this area is 3192

Can't short above it

#nq_f is 10688
#es_f $spx $spy https://t.co/1AssSMIzlZ",negative
621548,2020-06-23 19:10:21+00:00,"$ES1! RSI Divergence Signal

Exchange: PRIMEXBT
Symbol: ES1!
Timeframe: 1H
Signal: Bearish Divergence

Date: 06/23/2020, 7:10 PM

Trade SP500 Using Crypto Here:
https://t.co/gnPhDvSijn https://t.co/F3V9579jDp",negative
788302,2020-07-06 07:03:47+00:00,RT @kpak82: $AAPL (weekly) https://t.co/vKGRLlIrkD,neutral
486498,2020-06-10 12:34:24+00:00,Brokerages Expect Canadian National Railway $CNI Will Announce Earnings of $0.91 Per Share https://t.co/qF29Rzh2oP #stocks,positive
46709,2020-04-14 21:45:16+00:00,#NetWire #RAT Targeting Taxpayers is Spreading via Legacy #Microsoft #Excel 4.0 #Macro $MSFT https://t.co/1yvirAzJf4 #Security #INFOSEC #NETSEC #Cybersecurity #APPSEC,neutral
822801,2020-07-09 21:56:24+00:00,Proud owner of $AMZN stock. This thing might help me retire next year ...and pay for my yacht,positive
142941,2020-04-21 15:40:52+00:00,"RT @dynamicvol: Feels like the market moved on from the 1st order (virus count) to the 2nd order (oil, solvency) effects this week  $SPX $V‚Ä¶",positive
572615,2020-06-18 10:41:36+00:00,"Cerus Co. $CERS to Post FY2020 Earnings of -$0.44 Per Share, Cantor Fitzgerald Forecasts https://t.co/IaND4ABRzj #stocks",negative
260397,2020-05-03 08:55:08+00:00,"$AHH $AHH.PA - Armada Hoffler Properties, Inc. (AHH) CEO Michael O'Hara on Q1 2020 Results - Earnings Call Transcript. https://t.co/hrBkQkE0dY #business #trading #stocks",neutral
756997,2020-07-02 05:30:13+00:00,$AMZN - Amazon establishes new aerospace cloud unit https://t.co/iU2uOt4XDb,positive
849304,2020-07-10 12:10:32+00:00,"Chinese authorities appear spooked by their own success getting investors crazy about #stocks. State funds cut stakes in big insurer PICC, tech firms, sending signal #China wants to curb the frenzy. https://t.co/QhPSmAHZEj",negative
766740,2020-07-04 23:01:07+00:00,"$FB Sentiment is neutral right now.
News mentions: positive (7), negative (27), neutral (38)
Sentiment score: +0.111 (scale of -1.5 to +1.5)
Stock alerts, news, and research tools at https://t.co/Qkw92RLxV8",neutral
452230,2020-06-08 16:04:35+00:00,"RT @ISABELNET_SA: üá∫üá∏ S&amp;P 500

This chart compares the S&amp;P 500 today vs. 1929-30. Have some investors underestimated how far the Fed would g‚Ä¶",negative
728827,2020-07-01 21:06:35+00:00,"@bostonchaahhts If ‚Äúbest qtr since 87‚Äù doesn‚Äôt make you a little nervous, then by all means keep buying $TSLA $AMZN $NFLX $RDFN $CMG. Otherwise now may be a good time to take a little off here. #justsaying 

cc: @mchaudhry82 @traderstewie @Terri1618 @johnscharts https://t.co/QT4F4t1Jn5",positive
7365,2020-04-09 14:26:09+00:00,$SPY $SPX $SPXS $SPXL $SPXU Technical Analysis of the SP500 and where I think it might be headed  https://t.co/wzZGqQPX91,neutral
668829,2020-06-26 18:16:05+00:00,"RT @Investingcom: *BREAKING:

*FACEBOOK SHARES TUMBLE 8% AMID ADS BOYCOTT

$FB https://t.co/2fTlsYo3l2",negative
614258,2020-06-22 12:25:20+00:00,"For Servicing You""
"" Our Chartered Accountants"" 
#StockAdviosry #Advisory #Stocks #investment https://t.co/AtAUE3OANn",neutral
63563,2020-04-15 23:00:07+00:00,"$JPM $C $FISV $WFC:

Stimulus Payments Slow Down Online Banking:

https://t.co/8bsaP4P9C2",negative
317651,2020-05-08 20:06:26+00:00,"RT @Stash: It‚Äôs been a week. Treat yo‚Äô self.
$JNJ #StashStockParty

May Fest. Day 6 üß¥‚û°Ô∏èhttps://t.co/96ocgRtnHN https://t.co/64jJxDy0qB",positive
71099,2020-04-15 13:49:55+00:00,"$WMT tends to act quite strong during recessions...

Something to keep in mind for the ppl pointing to $AMZN as a reason to be bullish on the economy...

Despite its worthless industry classification, most don't use it as a 'discretionary'... It's $WMT online...",positive
837369,2020-07-09 01:40:56+00:00,"RT @Reveretrading: July 9 Plan üìå

*Click on Picture to Expand* 

As always, very grateful for the feedback you guys give me. Best of luck t‚Ä¶",positive
223798,2020-04-28 22:52:46+00:00,VF $VFC Research Coverage Started at BTIG Research https://t.co/zKoR3WIqU8 #stocks,neutral
1878,2020-04-09 20:17:34+00:00,Twitter to Share More Data About Users With Advertisers @themotleyfool #stocks $TWTR https://t.co/FP4E8ZZgs0,positive
344278,2020-05-28 12:23:01+00:00,RT @only1sidehustle: If you are thinking about buying $BRK.B....... Don't do it.  @WarrenBuffett loves #dividends but he won't pay you any.‚Ä¶,negative
779125,2020-07-06 19:38:57+00:00,"RT @Madison89421615: Probably nothing to worry about. Just the ‚Äúinvisible enemy‚Äù...

$spy $spx $qqq $eem $iwm $aapl $fb $googl $nflx $amzn‚Ä¶",negative
516629,2020-06-14 18:07:03+00:00,"$twtr $msft $amzn $qqq $fb $nflx $xspa $googl $mrna
$penn $nvda $aapl $spy $spx #Futures $bynd $mark $xspa
$tmdi #RobinhoodTraders #SundayThoughts #SundayMotivation #GenZ #Millennials #GenX @DelMonte
 #holarchy #wholeparts #turtlesupdown

Retweet if you are ""a part of"" humanity. https://t.co/HRt2RfDu6i",neutral
818322,2020-07-08 08:22:19+00:00,"GlaxoSmithKline ... sounds like a snobby law firm. It's #ThatOneAMCall and $GSK picking up $757 million; $PM tacking on another billion dollars, premarket. 

Tuesday*
Big sharks, taking out $2.4 million in call options, $EIX*

Dow futures, nice overnight rebound. Eyes: $MSFT https://t.co/F4lOMwY4Fz https://t.co/qqFhvGYp1S",positive
94997,2020-04-17 20:45:54+00:00,"I think my wife qualifies for a job at Fed as she‚Äôs been buying tons of crap since Covid-19 stopped the economy 

$SPX $ES_F $SPY",negative
872570,2020-07-13 20:46:22+00:00,"$BIDU $SAVE $WORK $T $AAPL $C $MSFT 
$XLF $SPY $FB $CHWY $PTON $DIS $F $ADBE $CSCO $JPM $CCL $MGM $IWM $HD $V $TWTR $XLE $XOM

To enhance your experience in trading and get instant help click here https://t.co/o02HlQ7vQI https://t.co/hIMMPsGVB0",positive
342299,2020-05-28 14:18:44+00:00,"üí•üí•üí•üí• FTXP .0005 UP 66% ON FIRE BIG TIMEüòâ

#tradingpennystocks  #StocksToTrade #OTCMarkets #SmallCaps #stockpicks #PUMPING #news  #StockAlert #Daytrader #microcap #stocks #trading #PENNYSTOCK #Investors #PressRelease #lowfloat",positive
33450,2020-04-13 21:57:25+00:00,"After last week of trading we closed today‚Äôs day of trading we closed up $463.35 for a return of 7.37%. Want to know what #stocks are in this M1 Pie!? Check out my video down below for #StocksToTrade in 2020!! 

M1 Finance Portfolio Challenge: https://t.co/B1h1GmNGQp https://t.co/J9wk9h4Lri",positive
34481,2020-04-13 20:18:54+00:00,$RCL lost over 16% and is Monday's worst performing $SPX #stock; $NCLH lost over 12% and $HOG lost over 9% while $TDG $CAT $GPS $SIVB $UAL and $LB all closed down over 8% on the day #trading,negative
692219,2020-06-28 14:33:00+00:00,RT @Rollinopi: $PBT.U $PTGEF so the mighty Merck are Tweeting about Intensity. https://t.co/tsIYjhYrC4 I especially like this bit. Here‚Äôs p‚Ä¶,positive
104452,2020-04-17 11:01:16+00:00,Step Back - Define the Edges - and Wait - https://t.co/uFWuhP96ck #trading #stocks #money #fridaythoughts #trend #trends,neutral
665300,2020-06-26 21:37:37+00:00,Amazon Workers Urge Bezos to Match His Words on Race With Actions by @KYWeise @nytimes https://t.co/PZMuT3SRR9 more evidence that #Amazon Faces A Crucible Moment With Employees https://t.co/0C1avTwLKq $AMZN,positive
19133,2020-04-10 07:51:31+00:00,Central Valley Community Bancorp $CVCY Given Average Recommendation of ‚ÄúHold‚Äù by Brokerages https://t.co/WX2DvSo9O6 #stocks,neutral
82272,2020-04-16 18:42:34+00:00,@gg_veritas Those and $SPX!,neutral
302709,2020-05-06 01:20:21+00:00,RT @MurdocOTC: $GPFT is a sleeping giant in the marijuana sector guys. .05 pps now could be .50 later this year imo. GREAT DD here just wai‚Ä¶,positive
512655,2020-06-13 07:51:43+00:00,RT @RTTNews: TSX Ends On Firm Note As Stocks Rebound After Recent Sell-off https://t.co/t3bMgmf8o7 #stocks #trading #rttnews https://t.co/U‚Ä¶,positive
655784,2020-06-25 15:32:44+00:00,"$AAPL company #profile, #Fundamental and #Technical Analysis Score Update (FA Score, TA Score) #stocks #stock #StockMarket #Investment #investing #invest #investor #investors https://t.co/B7BWRcEdMH https://t.co/J1Mx4dHQ5W https://t.co/MObF3kE7iy",neutral
302089,2020-05-06 02:32:50+00:00,"RT @SeekingAlpha: $ATVI - Activision Blizzard, Inc. 2020 Q1 - Results - Earnings Call Presentation. https://t.co/XB1qhvvJBu #finance #busin‚Ä¶",neutral
669382,2020-06-26 17:51:53+00:00,Definitely $T ....invested in some today üò¨ https://t.co/HFBYnKHM27,positive
394946,2020-06-03 20:43:06+00:00,$XOM breaking out https://t.co/pdCbo8y4pv,negative
184851,2020-04-24 18:02:00+00:00,RT @SeekingAlpha: $LULU - Lululemon: Running Towards Success. https://t.co/QOqNIuLzQH #stocks #business #stockmarket,positive
485823,2020-06-10 13:13:50+00:00,"Target Locked $CHRW 
Sold at $83.09 
Take Profit: $81.28 
Stop Loss: $83.92 
Trade with us:https://t.co/injT0PPxiC 
$TSLA $SPY $AAPL #Forex https://t.co/DVQQxs2QKh",negative
433442,2020-06-05 00:27:26+00:00,"RT @crescatkevin: Smug traders think a big CFTC non-commercial net short is bullish. 

It was actually its largest ever right before a majo‚Ä¶",positive
374032,2020-06-01 16:45:56+00:00,@lovepennies1 thanks for following me! Tell your friends about our group the Head Trader Rico used to work on Wall Street for over 20 yrs! Amy Trader/TA #stocks,positive
367437,2020-05-31 15:04:49+00:00,"RT @ValueInvestorRN: So, let me guess, #StockMarket #Futures will stupidly be gapping up (?) on 1) #riots2020,  2) lack of #SocialDistanaci‚Ä¶",negative
450936,2020-06-08 17:48:59+00:00,"RT @ETFtrends: Making Salient Points About ESG Investing
Read More &gt; https://t.co/ZygMIFybpr
#etf #investing #stocks #business #news",positive
797021,2020-07-07 15:47:05+00:00,"AQR Capital Management, LLC short position in EASYJET PLC down -0.08% to 0.78% #EZJ $EZJ #LSE #StockMarket #Stocks #Shares #Business #Markets #Trading #News #Investing #ShortSqueeze https://t.co/vM411LdLkR",negative
457413,2020-06-08 07:42:35+00:00,"RT @NewsBricks: Nifty Pre-Market Update: ADIA follows Mubadala to pick stakes in Reliance JIO

#sensex #stockmarket #sharemarket #stocks #t‚Ä¶",positive
580249,2020-06-19 18:10:39+00:00,@zerohedge Some point soon this class of ‚Äúinvestor‚Äù will be selling their $AAPL &amp; $MSFT to funnel more money into their sh!tty penny stocks as they fall back to pennies from dollars.  Need the unemployment benefits to cease paying 19-year-olds who live at home to gamble,negative
354223,2020-05-29 14:35:49+00:00,"RT @Merck: Through collaboration with @EisaiUS, we‚Äôre exploring new options for patients living with #kidneycancer and those with #livercan‚Ä¶",positive
238364,2020-04-29 23:24:24+00:00,RT @MattEganCNN: The economy is collapsing like never before and yet US #stocks are on pace for their best month since Oct. 1974. S&amp;P 500 i‚Ä¶,negative
788440,2020-07-06 06:29:28+00:00,RT @LiviamCapital: 1/ $FB is still remarkably cheap at these prices with long runway of growth. Recent advertising boycott is immaterial ye‚Ä¶,positive
499074,2020-06-11 16:48:33+00:00,"RT @Dublin_Capital: Long $SPX Options holders rushing to the exits this morning, hitting the bid on calls, and trading puts at the ask.

Ne‚Ä¶",negative
57638,2020-04-14 12:53:28+00:00,"The rally in internet #stocks suggests the market is believing two contradictory things at once, @johnauthers writes via @bopinion 

Peter Lynch: ‚ÄúSi te gusta la tienda, probablemente te va a gustar la acci√≥n¬∑.

https://t.co/UVv7MYQZWB https://t.co/wNOWOFO58E",negative
566838,2020-06-18 17:47:50+00:00,"RT @dariansharris: $ES_F $SPX $SPY

üìà Solid day. Was able to wait out most of the chop with a little patience. Was looking for 3128-3130 fo‚Ä¶",positive
599065,2020-06-21 19:33:35+00:00,"RT @ddubrovskyFX: More idling in US stocks again?

Let's check liquidity conditions!

Yup, largest weekly shrink in the #Fed b/s this year‚Ä¶",negative
833499,2020-07-09 11:24:41+00:00,RT @NTMarketscom: #Chinese media tries to cool overheated #stocks. State media in China urges ‚Äòrespect‚Äô for the market. Gold breaches $1800‚Ä¶,positive
808963,2020-07-08 19:41:22+00:00,Baidu $BIDU Has A Weak #Technical Analysis Score (TA Score). Breakdown Of 3 Categories: #candle score Poor; moving average score Good; #momentum score Poor #stocks #stock #StockMarket #Investment #investing https://t.co/Jj64hrH1R3 https://t.co/MQEa3MhtUz https://t.co/XdPiwSJlgF,negative
848212,2020-07-10 13:30:07+00:00,$TRNE - Trine: Riding With Cable Cowboy's Sidekick. https://t.co/ZO8qpPfLW0 #finance #stocks #investing,positive
231110,2020-04-28 14:04:21+00:00,"$SPX 
only 40% gain - small
still just watching..just crazy..",positive
466689,2020-06-09 15:25:03+00:00,"Looks like $DGLY has been making a steady move, as Bollingers have expanded. More to come? https://t.co/nbcNj9sUNG #stocks https://t.co/e4E8yaJJLZ",positive
201177,2020-04-25 04:22:42+00:00,"#Nifty 9154
Conclusion: Bearish
Imp: Cash (in weekly)

 #StockMarket #Trading #Stocks #TechnicalAnalysis #Equity #Investing #nifty50 #Markets #Trader #SwingTrading  #ShareMarket #stockstowatch #StocksToTrade  #recession2020 #stockmarketcrash https://t.co/IOqopTlMkC",negative
130179,2020-04-20 14:56:53+00:00,"Financial #stocks, namely those in the #investment, life insurance and annuities realm, are so cheap that many have become takeover targets. Take advantage.  https://t.co/wBqu6RyEub",positive
575130,2020-06-18 03:18:02+00:00,Short sale volume(not short interest) for $AMZN on 2020-06-17 is 48%. https://t.co/YZjq8XgqP8 $WMT 42% $OSTK 48% $MELI 56%,negative
657390,2020-06-25 14:03:33+00:00,"@gamesblazer06 Been loading up on $XLF while everyone was prophesying doom, happy to keep accumulating. Did the same with $JPM below 90 and $GS under 175.",positive
318168,2020-05-08 19:39:10+00:00,Generac Holdings Inc. $GNRC Receives Consensus Recommendation of ‚ÄúHold‚Äù from Brokerages https://t.co/WaJ1R6wZub #stocks,neutral
822979,2020-07-09 21:40:05+00:00,"RT @warrior16win: $HDii lot more green ü§ë coming on this summer monster üí•üöÄ
Welcome to the new #banktank members ü¶æ
üü¢üü¢üü¢üü¢üü¢üü¢
#asia #twitter #tru‚Ä¶",positive
151626,2020-04-22 22:45:49+00:00,@itsbigD18 @Royal_Bloo @CalebGregory304 Yeah I‚Äôm not chasing dividend yield just to say I have it. $T lost a bunch of cable subscribers too.,negative
29853,2020-04-12 14:10:08+00:00,"We're still looking for someone else who can beat our performances!
Try free for 7 days https://t.co/7sAfbFrPQS
$NSC
Signal: ** BUY **
Since: 2020-04-06 
Our performance: % 2.94
https://t.co/5xSfm4wM83
#trading
#stocks
#stockstowatch
#stockstotrade
$SPX https://t.co/fMUSo4az9H",positive
877865,2020-07-13 16:11:35+00:00,Political prophet Allan Lichtman: Trump is more ... $AAPL $AMZN $BTC $ETH $FB $GOOG $MSFT $QQQ $SPY $TSLA #cnbc #foxbusiness #business #money #entrepreneur #trading #investing #investment #stock #stockmarket #forex #crypto #cryptocurrency #Bitcoin #Ethereum #Coinbase #Robinhood https://t.co/3qgDvxsdVz,neutral
372215,2020-06-01 19:23:23+00:00,RT @OrdOracle: McClellan Summation index &gt;+600 is bullish intermediate term sign.  Turns down before reaching +600 has been an intermediate‚Ä¶,positive
644848,2020-06-24 12:25:51+00:00,"Booz Allen Hamilton: A Market Leader But Overvalued https://t.co/Ah8KKs9a5l via @dividendpower1 
$BAH #dividends #stocks #retirement #invest #personalfinance #defense",positive
276775,2020-05-05 21:19:31+00:00,"Mastercard $MA settled +1.7% to $273.98, and that made for a black candle, as the 200dma remains powerful resistance. I do not believe the financials are being fully priced for loan defaults. @th3gambler https://t.co/iiUx1l0Ov3",negative
738306,2020-07-01 12:53:07+00:00,"RT @DeItaOne: COVID-19 VACCINE FROM PFIZER AND BIONTECH SHOWS POSITIVE RESULTS - STAT
$PFE",positive
104480,2020-04-17 10:59:07+00:00,"$KMX #CarMax Inc. ... Used Auto Industry Sales Likely Have Bottomed, but Profitability Has Not: | https://t.co/rtkdfeEO4F #equity #stocks https://t.co/OrmiBr9ghb",neutral
928299,2020-07-16 17:50:52+00:00,UnitedHealth Group $UNH Price Target Raised to $357.00  https://t.co/2dL5wCoEUd,positive
857097,2020-07-11 17:26:56+00:00,"RT @eWhispers: #earnings season begins 

https://t.co/lObOE0dgsr 

$JPM $PEP $NFLX $WFC $DAL $DPZ $C $BAC $UNH $JNJ $FAST $GS $ABT $FRC $TS‚Ä¶",neutral
59680,2020-04-14 10:50:08+00:00,"Don't miss our new video recap! 400% rippers and over 4% on the entire account!

#DayTrading #stocks #investing #profits #freedom #motivation #LIVESTREAM https://t.co/BUv2gGwkgi",neutral
649674,2020-06-25 22:33:48+00:00,"RT @androider25: $GCI bounced off support trendline 

$TELL bounce indicator 

Buy buy buy #BREAKOUT

$spx $spy $qqq $aapl $tsla $fb $nflx‚Ä¶",positive
312908,2020-05-07 08:03:37+00:00,"$AWOX #AwoX SA AWOX (BUY, FV EUR2.0) | No more dilution coming from existing convertible bonds:: AWOX (BUY, FV EUR2.0) | No more dilution coming from existing convertible bonds: https://t.co/BaQs3MaEGQ #equity #stocks https://t.co/2MLccQfTuo",positive
901788,2020-07-14 11:50:20+00:00,RT @CNBC: JPMorgan reported Q2 results that beat analysts‚Äô expectations. Trading revenue surged 79%. https://t.co/KTEVe7ZX2M $JPM https://t‚Ä¶,positive
831978,2020-07-09 13:14:31+00:00,Needham &amp; Company LLC Reiterates Buy Rating for Yext $YEXT https://t.co/LXMcXxqPom #stocks,positive
99632,2020-04-17 15:28:24+00:00,"Talk about a last minute win! 3,000% win overnight!!! Go $GILD, let‚Äôs close over $85! #stocks #options #gilead https://t.co/GboCMBfVh1",positive
759641,2020-07-03 22:01:23+00:00,Imagine reading up on $Oil $AAPL $EURUSD concurrently on the same platform! https://t.co/Ut05pyrbV8 https://t.co/Uk8I33EbID,neutral
35371,2020-04-13 19:27:49+00:00,"BOOM üí∞üí∞ Come Join US 
$fb $aapl $amzn $nflx $googl $bidu $roku $spy $amd $nvda $tsla $ba $baba $shop For  Daily Powerful Watchlist, Swing &amp; Day Option Trading Alerts  Paypal monthly link in bio, $149.99 DM for biweekly link $84.99 #trading #optionstrader #Money https://t.co/JBhVUeanhi",positive
194356,2020-04-24 01:40:12+00:00,RT @DanaMattioli: Amazon says it doesn't use information on third-party sellers to inform its private-label business. But interviews with m‚Ä¶,neutral
654736,2020-06-25 16:30:41+00:00,"@michael_venuto @leadlagreport @novogratz @ETFProfessor @DavidDziekanski Can one of you please bring up #gold?

Gold continues to outperform crypto in this environment. Investors have spoken. $BTC is second fiddle to $GLD as money supply increases and dollar is set for large drop. 

Want to benefit from digital payments? Buy $PYPL $SQ $V $MA.",positive
784901,2020-07-06 14:05:36+00:00,IF YOU WANT A FREE TRADING GROUP TO COLLABERATE AND SHARE IDEAS WITH OTHER TRADERS 24/7 A DAY! JOIN MY WHATSAPP GROUP!  https://t.co/CbKMXW9Tmr. #FREE #GROUP TRADING #STOCKS #NEWS,neutral
23510,2020-04-11 15:18:52+00:00,RT @flyingstocksman: #Regeneron one of those involved in the cure for #coronavirus is in  buy on our system. See chart. Key: above the clou‚Ä¶,positive
640501,2020-06-24 16:15:04+00:00,Huge variation: Nike  Inc. Common Stock $NKE 98.4300 down -3.4243% 12:00 https://t.co/Pa7hlovGSJ  #stocks,negative
860336,2020-07-11 08:19:21+00:00,RT @musicnews360: Utah governor declares state of emergency due to ... $AAPL $AMZN $BTC $ETH $FB $GOOG $MSFT $QQQ $SPY $TSLA #cnbc #foxbusi‚Ä¶,negative
784675,2020-07-06 14:17:15+00:00,"$SQ lottos +1,100%
$TWLO lottos +50%
$TDOC lottos +125%
$JPM lottos +90% 
‚úÖ",neutral
630602,2020-06-23 10:25:01+00:00,"$veon We have detected a noticeable rise in the Zeitgeist for VEON Ltd. Sponsored ADR at  https://t.co/pXf1KOyqlw
Visit DataSwarm Markets for more information
#STOCKS #NASDAQ
DataSwarm ref: 102672",positive
842551,2020-07-10 18:32:18+00:00,$UAVS has $AMZN written all of it.   Increasing headcount 1000%.   Business must be booming.,positive
613102,2020-06-22 13:34:07+00:00,RT @MaisaCorp: $DIS Disneyland Paris To Begin Phased Reopening Beginning July 15,positive
921192,2020-07-15 03:59:58+00:00,#Bajajconsumer looks good range 157 to 150 can test 200 support at 136.#Bse #Nse #nifty #banknifty #hedgefunds #fundmanagers #stocks #equity #trading #Traders #stockstowatch  #StockMarketindia #MarketScreener #stockTips #Charts #technicalanalysis #SwingTrading #mutualfunds #etf https://t.co/Q8Gh6QbH4I,positive
802981,2020-07-07 06:39:45+00:00,"RT @GregaHorvatFX: Morning people!

 stocks are coming slightly down, likely to retreace back to Sunday open. A lot of times sharp Monday r‚Ä¶",negative
258392,2020-05-03 16:08:21+00:00,üíØüîõüñ•@Microsoft: Microsoft is infesting Windows 10 with annoying ads https://t.co/jLbj5vMmpo $MSFT #Microsoft #Technology #Tech #MSFT #digitaltransformation https://t.co/TtQlml3Mft,negative
59160,2020-04-14 11:22:42+00:00,"#20Kto100KChallenge in 6 months

It‚Äôs the last week to get into the challenge.

Mostly spreads (debit/credit) and swing single legs options.

$499 to get in or subs to Full Member access $199/months.

https://t.co/rx8lGRGBgh - $SPY $AMZN $NFLX $JPM $JNJ $FB $BTC",positive
365083,2020-05-31 23:14:14+00:00,A Second Stimulus Bill Has Reached the Senate: Here Are 3 Reasons It Won't Pass @themotleyfool #stocks  https://t.co/nduPkq1Fvi,positive
492780,2020-06-11 22:36:08+00:00,"RT @Rosco_NoE: After a lot of hours, research, losses and wins I‚Äôve finally finished my online course on investing in stocks for beginners!‚Ä¶",positive
708185,2020-06-29 09:05:48+00:00,"1-min to Know How to Trade BitOffer Bitcoin Flash Earning! The Quickest Way to Earn Money on the Bitcoin Market!

https://t.co/GmS1ZWeBlu

#bitcoin #bitoffer #quickearning #Cryptocurrency #binary #options #stocks #finance #betting #gambling #casino #blackjack #slot #lucky",neutral
326558,2020-05-08 05:33:49+00:00,Apple $AAPL PT Set at $325.00 by UBS Group https://t.co/1tzRQgWzDR,neutral
341012,2020-05-28 15:34:33+00:00,RT @Sarge986: What to Expect When Marvell Technology Reports Thursday $VEEV $COST $AMZN $WMT $CRM $ZS $NVDA $MRVL  https://t.co/Q1C7C7miK3‚Ä¶,neutral
131549,2020-04-20 13:35:17+00:00,Enterprise Products Partners L.P. $EPD Sees Large Decrease in Short Interest https://t.co/4XTi2xIMIJ #stocks,negative
447349,2020-06-08 22:17:01+00:00,"RT @2kaykim: DAILY VIDEO: ""When Is The Next Correction And How Much""

üëâ https://t.co/OiH8IQiCgP

$SPY $SPX #SP500",neutral
58130,2020-04-14 12:24:30+00:00,"RT @WilfredFrost: $JPM release on #PaycheckProtectionProgram - 300k applications; $36bn of loans, of which $8bn has been funded.",neutral
744345,2020-07-02 22:27:20+00:00,RT @itsdlevy: Disney wants to open @WaltDisneyWorld as COVID-19 infections in FL soar. They refuse to include testing in the safety plan fo‚Ä¶,negative
845622,2020-07-10 15:48:39+00:00,"Short-term profit margins for European gas-fired electricity generation are set for increased volatility in July.
#gas #margins #pricing #stocks #ICIS #profit https://t.co/nPploDx7An",positive
688546,2020-06-28 21:30:26+00:00,"Adobe - Daily
#SP500 
Short Term: $410 / $440.
Medium Term: $390 / $440.
Long Term: $380 / $440.
Bullish:
Short Term: &gt; $412.
Medium Term: &gt; $305.
Long Term: &gt; $280.
Awaiting correction to $410.",positive
500876,2020-06-11 15:29:09+00:00,Zacks: Analysts Anticipate Sutro Biopharma Inc $STRO to Announce -$0.59 Earnings Per Share https://t.co/sXc14slHRn #stocks,negative
331320,2020-05-09 14:54:00+00:00,"RT @ukarlewitz: $VIX closed on lower Bollinger (bottom panel; vertical lines). When it closes below, brakes shortly get put on $SPX (upper‚Ä¶",negative
762430,2020-07-03 14:26:28+00:00,RT @SheepKnowMore: The $FB video share of #Covid911 - INSURGENCY that got 5m views and 100k shares was just censored. Even though every fac‚Ä¶,negative
677117,2020-06-26 10:11:35+00:00,$CRH https://t.co/ZTIcvYqTx7 Pot. intermed bot in Downtrend INTRAWEEK 60m-15m-4m combo chart #Stocks #Trading https://t.co/YcSNMXULku,negative
219695,2020-04-27 10:05:32+00:00,"In all, 149 members of the S&amp;P 500 index $SPX, are expected to report financial results in the week ahead‚Äîmore than a third of those will arrive Thursday‚Äîas well as 12 Dow Jones Industrial Average DJIA, components.",neutral
382830,2020-06-02 21:17:43+00:00,"@RiskReversal just made a compelling argument for selling out of $FB rn! 

Forget history judging Zuckerberg roughly, the next 6 polarizing months is going to continue to pound the stock, if you believe there will be sustained pressure on the company leading up to the election!",negative
155162,2020-04-22 17:52:43+00:00,"Hudbay Minerals Inc to Post FY2022 Earnings of $1.47 Per Share, Cormark Forecasts $HBM https://t.co/3gWa6yCmCq #stocks",positive
442519,2020-06-07 15:12:44+00:00,"$SPX $SPY $NDX $DIA $QQQ 
$WYNN ...
New... Viva Las Vegas ... https://t.co/8hRUqm8VK1",neutral
777772,2020-07-06 21:01:42+00:00,RT @baylounging: $FB nice improvement https://t.co/1vOCPqIgnE,positive
578574,2020-06-19 20:00:33+00:00,"short squeeze leaders scan $WKHS, $EDIT, $FOLD, $LX, $CWH, $PING, $ERI, $APT, $NK, $NIO, $SE, $VSLR #stocks #trading https://t.co/Uvbmp8a4nS",negative
205448,2020-04-26 16:45:15+00:00,RT @SeekingAlpha: $SH - SH: An Effective Way To Short The Market In Your IRA. https://t.co/ZBOhG5xH22 #stocks #economy #business,positive
536456,2020-06-16 21:42:21+00:00,"RT @almostjingo: No comments on $GOOG watch, no #freespeech unless it‚Äôs ORANGE MAN BAD. https://t.co/oIaGHzODaM",negative
317228,2020-05-08 20:35:54+00:00,RT @Breedlove22: #Bitcoin denominated SP500: This is what happens to your favorite stock when pricing it in the most honest and fastest mon‚Ä¶,positive
